"","athlete.sex","avg_time","avg_distance","avg_elevation","avg_speed","avg_kilojoules","avg_heartrate","total"
"1","F",4601.2094665272,15898.5476725941,171.420554393305,3.62025706066946,571.078380503145,139.18885400314,3824
"2","M",5234.09059745348,27363.5924828599,273.191919686582,5.87193731635651,856.996158415842,137.783653846154,4084
